tag,layer,expert,count
prime_check,0,0,299
prime_check,0,1,409
prime_check,0,2,18
prime_check,0,3,8
prime_check,0,4,62
prime_check,0,5,54
prime_check,0,6,151
prime_check,0,7,45
prime_check,0,8,34
prime_check,0,11,1
prime_check,0,12,1
prime_check,0,13,156
prime_check,0,14,9
prime_check,0,15,89
prime_check,0,16,221
prime_check,0,17,40
prime_check,0,18,22
prime_check,0,19,10
prime_check,0,20,24
prime_check,0,21,1275
prime_check,0,22,119
prime_check,0,23,363
prime_check,0,24,224
prime_check,0,25,47
prime_check,0,26,397
prime_check,0,27,4
prime_check,0,28,78
prime_check,0,29,5
prime_check,0,31,76
prime_check,0,32,987
prime_check,0,33,1758
prime_check,0,34,1
prime_check,0,35,1
prime_check,0,38,55
prime_check,0,39,1259
prime_check,0,41,1689
prime_check,0,43,24
prime_check,0,44,15
prime_check,0,45,26
prime_check,0,46,126
prime_check,0,47,3820
prime_check,0,48,90
prime_check,0,49,89
prime_check,0,50,1879
prime_check,0,51,880
prime_check,0,52,6
prime_check,0,53,2777
prime_check,0,54,153
prime_check,0,55,872
prime_check,0,58,123
prime_check,0,59,63
prime_check,0,60,330
prime_check,0,63,35
prime_check,0,64,28
prime_check,0,67,82
prime_check,0,68,288
prime_check,0,69,874
prime_check,0,72,6
prime_check,0,73,243
prime_check,0,74,185
prime_check,0,76,173
prime_check,0,77,56
prime_check,0,78,50
prime_check,0,79,130
prime_check,0,81,74
prime_check,0,83,119
prime_check,0,84,330
prime_check,0,85,18
prime_check,0,87,34
prime_check,0,89,1198
prime_check,0,90,741
prime_check,0,91,460
prime_check,0,92,220
prime_check,0,94,36
prime_check,0,97,2
prime_check,0,99,107
prime_check,0,100,22
prime_check,0,102,399
prime_check,0,103,4468
prime_check,0,104,155
prime_check,0,105,433
prime_check,0,106,15
prime_check,0,107,137
prime_check,0,108,408
prime_check,0,109,56
prime_check,0,110,3
prime_check,0,111,74
prime_check,0,112,169
prime_check,0,113,39
prime_check,0,114,4458
prime_check,0,116,99
prime_check,0,117,62
prime_check,0,118,2
prime_check,0,120,78
prime_check,0,121,90
prime_check,0,122,9
prime_check,0,123,833
prime_check,0,124,1091
prime_check,0,125,85
prime_check,0,126,42
prime_check,0,127,196
prime_check,1,0,1342
prime_check,1,1,26
prime_check,1,2,41
prime_check,1,3,3
prime_check,1,4,35
prime_check,1,5,87
prime_check,1,6,171
prime_check,1,7,35
prime_check,1,8,153
prime_check,1,9,1565
prime_check,1,10,78
prime_check,1,11,3962
prime_check,1,12,3701
prime_check,1,13,615
prime_check,1,14,57
prime_check,1,15,7
prime_check,1,16,28
prime_check,1,18,65
prime_check,1,20,348
prime_check,1,21,61
prime_check,1,22,117
prime_check,1,23,107
prime_check,1,24,36
prime_check,1,25,104
prime_check,1,26,51
prime_check,1,27,31
prime_check,1,28,175
prime_check,1,29,128
prime_check,1,30,1352
prime_check,1,31,210
prime_check,1,32,54
prime_check,1,33,16
prime_check,1,34,28
prime_check,1,35,2752
prime_check,1,36,7
prime_check,1,37,61
prime_check,1,38,8
prime_check,1,39,285
prime_check,1,40,4
prime_check,1,41,54
prime_check,1,42,111
prime_check,1,44,31
prime_check,1,45,27
prime_check,1,46,144
prime_check,1,47,63
prime_check,1,48,23
prime_check,1,49,22
prime_check,1,50,11
prime_check,1,51,305
prime_check,1,52,253
prime_check,1,53,37
prime_check,1,54,153
prime_check,1,55,60
prime_check,1,56,3842
prime_check,1,57,109
prime_check,1,59,24
prime_check,1,60,24
prime_check,1,61,43
prime_check,1,62,40
prime_check,1,64,1926
prime_check,1,65,296
prime_check,1,66,733
prime_check,1,67,10
prime_check,1,68,174
prime_check,1,69,29
prime_check,1,70,60
prime_check,1,71,33
prime_check,1,72,20
prime_check,1,73,106
prime_check,1,74,30
prime_check,1,76,129
prime_check,1,77,5
prime_check,1,78,24
prime_check,1,79,384
prime_check,1,80,4
prime_check,1,81,91
prime_check,1,82,35
prime_check,1,83,153
prime_check,1,84,1
prime_check,1,85,72
prime_check,1,86,46
prime_check,1,87,42
prime_check,1,88,449
prime_check,1,89,52
prime_check,1,90,218
prime_check,1,91,18
prime_check,1,92,41
prime_check,1,93,61
prime_check,1,94,15
prime_check,1,96,183
prime_check,1,97,77
prime_check,1,98,74
prime_check,1,99,19
prime_check,1,100,3692
prime_check,1,101,70
prime_check,1,102,322
prime_check,1,103,94
prime_check,1,104,417
prime_check,1,105,31
prime_check,1,106,475
prime_check,1,107,75
prime_check,1,108,8
prime_check,1,109,35
prime_check,1,110,187
prime_check,1,111,4
prime_check,1,112,223
prime_check,1,113,40
prime_check,1,114,52
prime_check,1,115,57
prime_check,1,116,38
prime_check,1,117,80
prime_check,1,118,251
prime_check,1,119,80
prime_check,1,120,3863
prime_check,1,121,4
prime_check,1,122,326
prime_check,1,123,225
prime_check,1,124,412
prime_check,1,125,188
prime_check,1,127,35
prime_check,2,0,47
prime_check,2,1,18
prime_check,2,3,156
prime_check,2,4,6
prime_check,2,5,86
prime_check,2,6,449
prime_check,2,7,292
prime_check,2,8,109
prime_check,2,9,152
prime_check,2,10,162
prime_check,2,11,42
prime_check,2,13,256
prime_check,2,14,254
prime_check,2,15,2003
prime_check,2,16,105
prime_check,2,17,85
prime_check,2,18,481
prime_check,2,19,49
prime_check,2,20,217
prime_check,2,21,18
prime_check,2,23,15
prime_check,2,24,396
prime_check,2,25,516
prime_check,2,26,77
prime_check,2,27,112
prime_check,2,28,349
prime_check,2,29,1969
prime_check,2,31,5
prime_check,2,33,185
prime_check,2,35,52
prime_check,2,36,7
prime_check,2,37,635
prime_check,2,39,95
prime_check,2,40,58
prime_check,2,41,532
prime_check,2,42,19
prime_check,2,43,311
prime_check,2,44,45
prime_check,2,45,81
prime_check,2,46,287
prime_check,2,47,3
prime_check,2,48,370
prime_check,2,49,977
prime_check,2,50,50
prime_check,2,51,35
prime_check,2,52,331
prime_check,2,53,57
prime_check,2,54,16
prime_check,2,55,2648
prime_check,2,56,212
prime_check,2,57,151
prime_check,2,58,38
prime_check,2,59,234
prime_check,2,60,163
prime_check,2,61,994
prime_check,2,62,1595
prime_check,2,63,18
prime_check,2,64,394
prime_check,2,65,1
prime_check,2,66,11
prime_check,2,67,2
prime_check,2,68,228
prime_check,2,69,453
prime_check,2,70,256
prime_check,2,71,457
prime_check,2,72,6
prime_check,2,73,6
prime_check,2,74,20
prime_check,2,75,197
prime_check,2,76,2850
prime_check,2,77,725
prime_check,2,78,130
prime_check,2,79,55
prime_check,2,81,1041
prime_check,2,82,715
prime_check,2,83,118
prime_check,2,84,219
prime_check,2,85,685
prime_check,2,86,381
prime_check,2,87,30
prime_check,2,88,213
prime_check,2,89,1
prime_check,2,90,52
prime_check,2,91,173
prime_check,2,92,5
prime_check,2,93,2
prime_check,2,95,11
prime_check,2,96,76
prime_check,2,97,1283
prime_check,2,98,268
prime_check,2,99,133
prime_check,2,100,506
prime_check,2,101,18
prime_check,2,102,2365
prime_check,2,103,172
prime_check,2,104,45
prime_check,2,105,18
prime_check,2,106,6
prime_check,2,107,354
prime_check,2,108,319
prime_check,2,109,676
prime_check,2,110,1683
prime_check,2,111,60
prime_check,2,112,17
prime_check,2,114,77
prime_check,2,115,107
prime_check,2,116,928
prime_check,2,117,85
prime_check,2,118,90
prime_check,2,119,292
prime_check,2,120,1089
prime_check,2,121,408
prime_check,2,122,261
prime_check,2,123,75
prime_check,2,125,218
prime_check,2,126,303
prime_check,2,127,182
prime_check,3,0,334
prime_check,3,1,709
prime_check,3,2,116
prime_check,3,3,20
prime_check,3,4,903
prime_check,3,5,49
prime_check,3,6,308
prime_check,3,8,228
prime_check,3,9,56
prime_check,3,10,199
prime_check,3,11,127
prime_check,3,12,157
prime_check,3,13,1746
prime_check,3,14,1188
prime_check,3,15,857
prime_check,3,16,304
prime_check,3,17,1123
prime_check,3,18,192
prime_check,3,19,45
prime_check,3,20,303
prime_check,3,21,162
prime_check,3,22,161
prime_check,3,23,173
prime_check,3,24,189
prime_check,3,25,330
prime_check,3,26,1036
prime_check,3,27,11
prime_check,3,28,1718
prime_check,3,29,18
prime_check,3,30,1852
prime_check,3,31,84
prime_check,3,32,21
prime_check,3,33,77
prime_check,3,34,1284
prime_check,3,35,111
prime_check,3,36,51
prime_check,3,37,12
prime_check,3,39,342
prime_check,3,40,27
prime_check,3,41,137
prime_check,3,42,67
prime_check,3,43,210
prime_check,3,44,2
prime_check,3,45,63
prime_check,3,46,2
prime_check,3,47,22
prime_check,3,48,1719
prime_check,3,49,43
prime_check,3,50,324
prime_check,3,51,782
prime_check,3,52,361
prime_check,3,53,341
prime_check,3,54,36
prime_check,3,56,297
prime_check,3,57,194
prime_check,3,58,153
prime_check,3,59,183
prime_check,3,60,224
prime_check,3,61,50
prime_check,3,62,1042
prime_check,3,63,36
prime_check,3,64,141
prime_check,3,65,3
prime_check,3,66,106
prime_check,3,67,59
prime_check,3,68,17
prime_check,3,69,659
prime_check,3,70,34
prime_check,3,71,110
prime_check,3,72,19
prime_check,3,73,34
prime_check,3,74,421
prime_check,3,75,358
prime_check,3,76,342
prime_check,3,77,300
prime_check,3,78,210
prime_check,3,81,1
prime_check,3,82,1
prime_check,3,83,358
prime_check,3,84,336
prime_check,3,85,60
prime_check,3,86,107
prime_check,3,87,9
prime_check,3,88,843
prime_check,3,89,142
prime_check,3,91,91
prime_check,3,92,319
prime_check,3,93,92
prime_check,3,94,82
prime_check,3,96,832
prime_check,3,97,462
prime_check,3,98,55
prime_check,3,99,509
prime_check,3,100,417
prime_check,3,101,80
prime_check,3,102,304
prime_check,3,103,18
prime_check,3,104,1444
prime_check,3,106,1
prime_check,3,107,705
prime_check,3,108,400
prime_check,3,109,201
prime_check,3,110,115
prime_check,3,111,683
prime_check,3,114,358
prime_check,3,115,403
prime_check,3,116,834
prime_check,3,118,573
prime_check,3,119,208
prime_check,3,120,1764
prime_check,3,121,5
prime_check,3,122,50
prime_check,3,123,51
prime_check,3,124,695
prime_check,3,125,797
prime_check,3,126,3
prime_check,3,127,44
prime_check,4,1,3709
prime_check,4,2,62
prime_check,4,3,85
prime_check,4,4,3
prime_check,4,5,33
prime_check,4,6,1
prime_check,4,7,44
prime_check,4,8,2501
prime_check,4,9,18
prime_check,4,12,10
prime_check,4,15,38
prime_check,4,17,50
prime_check,4,18,19
prime_check,4,19,96
prime_check,4,20,3
prime_check,4,22,274
prime_check,4,23,4226
prime_check,4,24,29
prime_check,4,26,72
prime_check,4,27,3819
prime_check,4,28,36
prime_check,4,29,12
prime_check,4,30,246
prime_check,4,32,119
prime_check,4,35,9
prime_check,4,36,23
prime_check,4,37,95
prime_check,4,38,30
prime_check,4,39,21
prime_check,4,40,2
prime_check,4,43,311
prime_check,4,44,1
prime_check,4,45,92
prime_check,4,47,2979
prime_check,4,49,22
prime_check,4,51,39
prime_check,4,52,2
prime_check,4,54,1406
prime_check,4,55,4198
prime_check,4,58,22
prime_check,4,59,129
prime_check,4,61,67
prime_check,4,62,53
prime_check,4,63,345
prime_check,4,64,16
prime_check,4,66,29
prime_check,4,68,155
prime_check,4,69,36
prime_check,4,70,58
prime_check,4,71,36
prime_check,4,72,104
prime_check,4,73,41
prime_check,4,74,4132
prime_check,4,75,202
prime_check,4,76,177
prime_check,4,77,347
prime_check,4,78,67
prime_check,4,79,14
prime_check,4,82,132
prime_check,4,83,10
prime_check,4,84,78
prime_check,4,85,6
prime_check,4,87,74
prime_check,4,88,37
prime_check,4,89,870
prime_check,4,90,230
prime_check,4,92,60
prime_check,4,93,44
prime_check,4,94,294
prime_check,4,95,1
prime_check,4,98,932
prime_check,4,99,18
prime_check,4,100,30
prime_check,4,103,95
prime_check,4,105,6
prime_check,4,106,72
prime_check,4,107,391
prime_check,4,109,67
prime_check,4,111,20
prime_check,4,112,18
prime_check,4,113,285
prime_check,4,115,11
prime_check,4,116,76
prime_check,4,117,88
prime_check,4,118,388
prime_check,4,119,4272
prime_check,4,120,18
prime_check,4,123,1
prime_check,4,124,65
prime_check,4,125,526
prime_check,4,126,72
prime_check,4,127,124
prime_check,5,0,212
prime_check,5,1,18
prime_check,5,2,104
prime_check,5,4,130
prime_check,5,5,19
prime_check,5,6,17
prime_check,5,7,1157
prime_check,5,8,77
prime_check,5,9,1901
prime_check,5,10,1669
prime_check,5,13,846
prime_check,5,14,606
prime_check,5,15,822
prime_check,5,16,54
prime_check,5,17,533
prime_check,5,18,22
prime_check,5,19,124
prime_check,5,20,51
prime_check,5,21,17
prime_check,5,22,310
prime_check,5,23,30
prime_check,5,24,28
prime_check,5,25,23
prime_check,5,26,2
prime_check,5,28,2322
prime_check,5,29,158
prime_check,5,30,95
prime_check,5,31,188
prime_check,5,33,2
prime_check,5,34,21
prime_check,5,35,46
prime_check,5,36,174
prime_check,5,37,172
prime_check,5,38,1507
prime_check,5,39,42
prime_check,5,41,467
prime_check,5,42,155
prime_check,5,43,184
prime_check,5,44,337
prime_check,5,45,1730
prime_check,5,46,9
prime_check,5,48,293
prime_check,5,49,2690
prime_check,5,50,31
prime_check,5,51,180
prime_check,5,52,458
prime_check,5,53,37
prime_check,5,54,13
prime_check,5,55,285
prime_check,5,56,186
prime_check,5,57,18
prime_check,5,58,240
prime_check,5,59,3
prime_check,5,60,78
prime_check,5,61,433
prime_check,5,62,5
prime_check,5,63,242
prime_check,5,64,50
prime_check,5,66,213
prime_check,5,67,3
prime_check,5,68,15
prime_check,5,70,162
prime_check,5,71,719
prime_check,5,72,9
prime_check,5,73,152
prime_check,5,74,3051
prime_check,5,75,1065
prime_check,5,76,308
prime_check,5,77,605
prime_check,5,78,120
prime_check,5,79,59
prime_check,5,80,71
prime_check,5,82,15
prime_check,5,83,465
prime_check,5,84,236
prime_check,5,87,19
prime_check,5,88,252
prime_check,5,89,45
prime_check,5,92,235
prime_check,5,93,228
prime_check,5,94,36
prime_check,5,95,2
prime_check,5,96,200
prime_check,5,97,36
prime_check,5,98,34
prime_check,5,99,60
prime_check,5,100,2096
prime_check,5,101,214
prime_check,5,103,18
prime_check,5,104,127
prime_check,5,105,23
prime_check,5,106,164
prime_check,5,108,171
prime_check,5,109,98
prime_check,5,110,807
prime_check,5,111,876
prime_check,5,112,186
prime_check,5,113,4
prime_check,5,114,79
prime_check,5,115,22
prime_check,5,116,296
prime_check,5,118,3
prime_check,5,119,74
prime_check,5,120,551
prime_check,5,122,4
prime_check,5,123,24
prime_check,5,124,154
prime_check,5,125,620
prime_check,5,126,2402
prime_check,5,127,1125
prime_check,6,0,708
prime_check,6,1,8
prime_check,6,2,808
prime_check,6,3,18
prime_check,6,4,39
prime_check,6,5,571
prime_check,6,6,173
prime_check,6,7,19
prime_check,6,9,562
prime_check,6,10,129
prime_check,6,11,5
prime_check,6,12,32
prime_check,6,13,308
prime_check,6,14,18
prime_check,6,16,67
prime_check,6,17,2
prime_check,6,18,77
prime_check,6,19,200
prime_check,6,20,457
prime_check,6,21,2292
prime_check,6,22,16
prime_check,6,23,111
prime_check,6,24,50
prime_check,6,25,19
prime_check,6,26,263
prime_check,6,27,201
prime_check,6,28,1714
prime_check,6,29,73
prime_check,6,30,2
prime_check,6,31,38
prime_check,6,34,2
prime_check,6,35,18
prime_check,6,37,3079
prime_check,6,38,66
prime_check,6,39,706
prime_check,6,41,894
prime_check,6,42,200
prime_check,6,43,119
prime_check,6,44,198
prime_check,6,46,3555
prime_check,6,47,198
prime_check,6,49,37
prime_check,6,50,73
prime_check,6,51,545
prime_check,6,52,19
prime_check,6,53,194
prime_check,6,54,24
prime_check,6,55,5
prime_check,6,56,16
prime_check,6,57,20
prime_check,6,58,221
prime_check,6,59,134
prime_check,6,60,182
prime_check,6,61,774
prime_check,6,62,269
prime_check,6,63,167
prime_check,6,64,25
prime_check,6,65,18
prime_check,6,66,18
prime_check,6,67,2
prime_check,6,68,21
prime_check,6,69,1747
prime_check,6,70,113
prime_check,6,71,419
prime_check,6,72,45
prime_check,6,73,44
prime_check,6,74,7
prime_check,6,75,196
prime_check,6,77,39
prime_check,6,78,4
prime_check,6,80,35
prime_check,6,81,43
prime_check,6,82,19
prime_check,6,85,389
prime_check,6,86,606
prime_check,6,87,1
prime_check,6,89,104
prime_check,6,90,125
prime_check,6,91,2
prime_check,6,93,3937
prime_check,6,94,22
prime_check,6,95,152
prime_check,6,96,156
prime_check,6,97,33
prime_check,6,98,232
prime_check,6,99,37
prime_check,6,102,240
prime_check,6,103,175
prime_check,6,104,103
prime_check,6,105,81
prime_check,6,106,921
prime_check,6,107,67
prime_check,6,108,18
prime_check,6,110,1949
prime_check,6,111,1721
prime_check,6,112,30
prime_check,6,113,834
prime_check,6,114,269
prime_check,6,115,211
prime_check,6,116,103
prime_check,6,118,4
prime_check,6,119,971
prime_check,6,120,2
prime_check,6,121,611
prime_check,6,122,2085
prime_check,6,123,187
prime_check,6,126,285
prime_check,6,127,23
prime_check,7,0,496
prime_check,7,2,1
prime_check,7,3,2021
prime_check,7,4,352
prime_check,7,5,18
prime_check,7,6,221
prime_check,7,7,38
prime_check,7,8,176
prime_check,7,9,9
prime_check,7,10,296
prime_check,7,11,38
prime_check,7,12,41
prime_check,7,13,226
prime_check,7,14,21
prime_check,7,16,209
prime_check,7,17,142
prime_check,7,18,341
prime_check,7,19,219
prime_check,7,20,500
prime_check,7,21,1553
prime_check,7,22,1741
prime_check,7,24,684
prime_check,7,26,437
prime_check,7,28,49
prime_check,7,29,230
prime_check,7,31,1766
prime_check,7,32,420
prime_check,7,33,487
prime_check,7,35,36
prime_check,7,36,1
prime_check,7,37,1589
prime_check,7,39,58
prime_check,7,40,2
prime_check,7,41,140
prime_check,7,42,166
prime_check,7,43,1191
prime_check,7,44,58
prime_check,7,45,58
prime_check,7,47,188
prime_check,7,48,629
prime_check,7,49,106
prime_check,7,50,18
prime_check,7,51,322
prime_check,7,52,839
prime_check,7,53,122
prime_check,7,54,538
prime_check,7,55,124
prime_check,7,56,591
prime_check,7,57,1780
prime_check,7,59,385
prime_check,7,60,93
prime_check,7,61,72
prime_check,7,64,206
prime_check,7,65,188
prime_check,7,66,99
prime_check,7,67,40
prime_check,7,68,148
prime_check,7,69,139
prime_check,7,70,659
prime_check,7,71,287
prime_check,7,72,71
prime_check,7,74,988
prime_check,7,76,212
prime_check,7,77,282
prime_check,7,78,18
prime_check,7,79,18
prime_check,7,80,489
prime_check,7,81,50
prime_check,7,82,396
prime_check,7,83,174
prime_check,7,84,92
prime_check,7,85,30
prime_check,7,86,262
prime_check,7,87,90
prime_check,7,88,340
prime_check,7,89,565
prime_check,7,90,181
prime_check,7,91,54
prime_check,7,92,72
prime_check,7,93,18
prime_check,7,94,65
prime_check,7,95,188
prime_check,7,96,181
prime_check,7,97,223
prime_check,7,98,1690
prime_check,7,100,20
prime_check,7,101,362
prime_check,7,102,603
prime_check,7,103,18
prime_check,7,104,40
prime_check,7,105,925
prime_check,7,106,609
prime_check,7,107,320
prime_check,7,108,212
prime_check,7,109,278
prime_check,7,110,56
prime_check,7,111,141
prime_check,7,112,88
prime_check,7,113,375
prime_check,7,114,341
prime_check,7,115,354
prime_check,7,116,99
prime_check,7,117,439
prime_check,7,118,307
prime_check,7,120,211
prime_check,7,121,152
prime_check,7,122,2
prime_check,7,123,1158
prime_check,7,126,116
prime_check,7,127,2597
prime_check,8,1,64
prime_check,8,2,62
prime_check,8,3,37
prime_check,8,4,188
prime_check,8,5,407
prime_check,8,6,152
prime_check,8,7,18
prime_check,8,8,18
prime_check,8,9,86
prime_check,8,10,46
prime_check,8,12,379
prime_check,8,13,755
prime_check,8,14,2022
prime_check,8,15,22
prime_check,8,16,195
prime_check,8,17,32
prime_check,8,18,79
prime_check,8,19,30
prime_check,8,20,42
prime_check,8,21,1
prime_check,8,22,7
prime_check,8,23,4
prime_check,8,24,145
prime_check,8,25,57
prime_check,8,27,337
prime_check,8,28,65
prime_check,8,29,189
prime_check,8,30,3
prime_check,8,31,612
prime_check,8,32,36
prime_check,8,33,21
prime_check,8,34,99
prime_check,8,36,151
prime_check,8,37,224
prime_check,8,38,462
prime_check,8,39,42
prime_check,8,40,8
prime_check,8,41,164
prime_check,8,42,159
prime_check,8,43,16
prime_check,8,44,607
prime_check,8,45,36
prime_check,8,46,238
prime_check,8,47,249
prime_check,8,48,18
prime_check,8,49,172
prime_check,8,50,106
prime_check,8,51,341
prime_check,8,52,247
prime_check,8,54,316
prime_check,8,55,17
prime_check,8,56,897
prime_check,8,57,385
prime_check,8,58,68
prime_check,8,59,1
prime_check,8,60,18
prime_check,8,61,18
prime_check,8,62,135
prime_check,8,64,309
prime_check,8,65,354
prime_check,8,66,453
prime_check,8,68,1951
prime_check,8,69,84
prime_check,8,70,3
prime_check,8,71,151
prime_check,8,72,352
prime_check,8,73,164
prime_check,8,74,93
prime_check,8,75,353
prime_check,8,76,64
prime_check,8,77,252
prime_check,8,78,415
prime_check,8,79,20
prime_check,8,80,34
prime_check,8,81,1702
prime_check,8,82,449
prime_check,8,84,1250
prime_check,8,86,1144
prime_check,8,87,37
prime_check,8,89,452
prime_check,8,90,1680
prime_check,8,91,208
prime_check,8,92,197
prime_check,8,93,713
prime_check,8,94,608
prime_check,8,95,138
prime_check,8,96,10
prime_check,8,98,645
prime_check,8,99,276
prime_check,8,101,92
prime_check,8,102,22
prime_check,8,103,1139
prime_check,8,104,201
prime_check,8,105,140
prime_check,8,106,80
prime_check,8,107,314
prime_check,8,108,239
prime_check,8,109,41
prime_check,8,110,218
prime_check,8,111,190
prime_check,8,113,105
prime_check,8,114,18
prime_check,8,115,935
prime_check,8,117,3506
prime_check,8,118,130
prime_check,8,119,461
prime_check,8,120,1356
prime_check,8,121,2867
prime_check,8,122,81
prime_check,8,123,1534
prime_check,8,124,38
prime_check,8,125,393
prime_check,8,126,210
prime_check,9,0,5
prime_check,9,1,697
prime_check,9,2,329
prime_check,9,4,5
prime_check,9,5,58
prime_check,9,7,18
prime_check,9,8,305
prime_check,9,9,283
prime_check,9,10,186
prime_check,9,11,24
prime_check,9,12,397
prime_check,9,13,348
prime_check,9,14,804
prime_check,9,15,82
prime_check,9,16,90
prime_check,9,17,7
prime_check,9,18,482
prime_check,9,19,165
prime_check,9,20,1
prime_check,9,21,1105
prime_check,9,22,333
prime_check,9,23,353
prime_check,9,24,165
prime_check,9,25,626
prime_check,9,26,288
prime_check,9,27,3
prime_check,9,28,1653
prime_check,9,29,26
prime_check,9,30,203
prime_check,9,31,416
prime_check,9,32,30
prime_check,9,33,34
prime_check,9,34,18
prime_check,9,36,220
prime_check,9,37,21
prime_check,9,38,152
prime_check,9,39,136
prime_check,9,41,350
prime_check,9,42,236
prime_check,9,43,2
prime_check,9,44,3
prime_check,9,45,18
prime_check,9,46,255
prime_check,9,47,1392
prime_check,9,48,1660
prime_check,9,50,43
prime_check,9,51,1525
prime_check,9,52,126
prime_check,9,53,18
prime_check,9,54,485
prime_check,9,56,3036
prime_check,9,57,839
prime_check,9,61,378
prime_check,9,62,27
prime_check,9,63,1860
prime_check,9,64,1
prime_check,9,65,438
prime_check,9,66,268
prime_check,9,67,1
prime_check,9,69,1784
prime_check,9,70,31
prime_check,9,71,107
prime_check,9,72,1241
prime_check,9,73,12
prime_check,9,74,1
prime_check,9,75,18
prime_check,9,76,15
prime_check,9,77,190
prime_check,9,78,566
prime_check,9,79,566
prime_check,9,81,1
prime_check,9,82,364
prime_check,9,83,2
prime_check,9,84,264
prime_check,9,85,245
prime_check,9,86,1
prime_check,9,87,203
prime_check,9,88,116
prime_check,9,89,911
prime_check,9,90,4
prime_check,9,91,406
prime_check,9,92,18
prime_check,9,93,54
prime_check,9,94,40
prime_check,9,95,627
prime_check,9,96,180
prime_check,9,97,172
prime_check,9,98,669
prime_check,9,100,356
prime_check,9,101,46
prime_check,9,102,75
prime_check,9,103,2230
prime_check,9,104,141
prime_check,9,105,243
prime_check,9,106,2285
prime_check,9,108,128
prime_check,9,111,22
prime_check,9,112,92
prime_check,9,114,684
prime_check,9,115,231
prime_check,9,116,7
prime_check,9,117,324
prime_check,9,120,236
prime_check,9,121,109
prime_check,9,122,432
prime_check,9,123,188
prime_check,9,124,250
prime_check,9,125,232
prime_check,9,126,10
prime_check,9,127,18
prime_check,10,1,7
prime_check,10,3,257
prime_check,10,4,502
prime_check,10,6,2168
prime_check,10,7,482
prime_check,10,8,1697
prime_check,10,9,36
prime_check,10,10,246
prime_check,10,11,2947
prime_check,10,13,67
prime_check,10,14,509
prime_check,10,18,129
prime_check,10,20,228
prime_check,10,21,18
prime_check,10,22,157
prime_check,10,23,1
prime_check,10,26,54
prime_check,10,27,18
prime_check,10,28,45
prime_check,10,29,26
prime_check,10,31,311
prime_check,10,33,984
prime_check,10,38,36
prime_check,10,39,2711
prime_check,10,40,102
prime_check,10,41,102
prime_check,10,42,128
prime_check,10,44,3
prime_check,10,45,112
prime_check,10,46,312
prime_check,10,47,94
prime_check,10,49,18
prime_check,10,51,194
prime_check,10,53,701
prime_check,10,56,82
prime_check,10,57,1190
prime_check,10,58,138
prime_check,10,59,2
prime_check,10,60,878
prime_check,10,61,1
prime_check,10,62,139
prime_check,10,63,19
prime_check,10,64,129
prime_check,10,66,3025
prime_check,10,67,18
prime_check,10,68,201
prime_check,10,69,110
prime_check,10,70,154
prime_check,10,71,1
prime_check,10,72,45
prime_check,10,73,10
prime_check,10,74,36
prime_check,10,75,270
prime_check,10,77,11
prime_check,10,79,372
prime_check,10,80,1313
prime_check,10,81,1944
prime_check,10,82,3021
prime_check,10,83,7
prime_check,10,84,18
prime_check,10,85,1803
prime_check,10,86,18
prime_check,10,88,206
prime_check,10,91,98
prime_check,10,92,149
prime_check,10,93,282
prime_check,10,94,43
prime_check,10,99,20
prime_check,10,100,189
prime_check,10,103,409
prime_check,10,104,42
prime_check,10,105,18
prime_check,10,106,157
prime_check,10,108,249
prime_check,10,110,1212
prime_check,10,112,158
prime_check,10,113,18
prime_check,10,115,2596
prime_check,10,118,5
prime_check,10,119,56
prime_check,10,120,167
prime_check,10,121,303
prime_check,10,123,247
prime_check,10,124,2808
prime_check,10,125,385
prime_check,10,127,2
prime_check,11,1,1131
prime_check,11,3,1569
prime_check,11,4,229
prime_check,11,5,10
prime_check,11,6,137
prime_check,11,7,256
prime_check,11,8,1
prime_check,11,10,1026
prime_check,11,11,64
prime_check,11,12,22
prime_check,11,16,1188
prime_check,11,17,339
prime_check,11,18,851
prime_check,11,19,55
prime_check,11,20,87
prime_check,11,21,37
prime_check,11,23,187
prime_check,11,24,50
prime_check,11,25,4
prime_check,11,27,833
prime_check,11,28,2312
prime_check,11,30,117
prime_check,11,31,553
prime_check,11,32,108
prime_check,11,34,2272
prime_check,11,35,3
prime_check,11,36,110
prime_check,11,37,291
prime_check,11,38,122
prime_check,11,40,3412
prime_check,11,41,18
prime_check,11,42,28
prime_check,11,43,30
prime_check,11,44,187
prime_check,11,46,231
prime_check,11,47,3
prime_check,11,48,123
prime_check,11,49,81
prime_check,11,51,11
prime_check,11,54,318
prime_check,11,56,1871
prime_check,11,58,18
prime_check,11,59,410
prime_check,11,60,693
prime_check,11,61,658
prime_check,11,62,1716
prime_check,11,63,1
prime_check,11,65,5
prime_check,11,66,128
prime_check,11,67,32
prime_check,11,68,1092
prime_check,11,69,559
prime_check,11,70,287
prime_check,11,71,57
prime_check,11,72,18
prime_check,11,73,11
prime_check,11,74,2185
prime_check,11,76,145
prime_check,11,77,50
prime_check,11,78,6
prime_check,11,79,181
prime_check,11,80,35
prime_check,11,81,36
prime_check,11,83,253
prime_check,11,84,353
prime_check,11,87,98
prime_check,11,88,64
prime_check,11,89,2
prime_check,11,90,128
prime_check,11,91,2212
prime_check,11,92,297
prime_check,11,93,441
prime_check,11,94,12
prime_check,11,97,1
prime_check,11,98,139
prime_check,11,99,72
prime_check,11,100,199
prime_check,11,102,648
prime_check,11,103,98
prime_check,11,104,179
prime_check,11,105,1341
prime_check,11,108,217
prime_check,11,109,18
prime_check,11,110,371
prime_check,11,111,2228
prime_check,11,112,199
prime_check,11,113,164
prime_check,11,114,1
prime_check,11,117,429
prime_check,11,119,194
prime_check,11,120,87
prime_check,11,122,217
prime_check,11,124,124
prime_check,11,125,18
prime_check,11,127,772
prime_check,12,0,100
prime_check,12,1,2
prime_check,12,2,125
prime_check,12,3,1064
prime_check,12,5,196
prime_check,12,6,42
prime_check,12,7,2
prime_check,12,8,14
prime_check,12,9,74
prime_check,12,10,161
prime_check,12,11,212
prime_check,12,12,210
prime_check,12,13,12
prime_check,12,14,54
prime_check,12,15,500
prime_check,12,16,52
prime_check,12,17,6
prime_check,12,18,2770
prime_check,12,19,18
prime_check,12,20,420
prime_check,12,21,1360
prime_check,12,22,1154
prime_check,12,23,120
prime_check,12,24,8
prime_check,12,25,1188
prime_check,12,26,51
prime_check,12,27,81
prime_check,12,28,12
prime_check,12,29,59
prime_check,12,31,17
prime_check,12,32,103
prime_check,12,33,295
prime_check,12,34,529
prime_check,12,35,17
prime_check,12,36,231
prime_check,12,38,27
prime_check,12,39,469
prime_check,12,40,2710
prime_check,12,41,18
prime_check,12,43,46
prime_check,12,44,269
prime_check,12,45,267
prime_check,12,46,210
prime_check,12,47,18
prime_check,12,48,105
prime_check,12,49,306
prime_check,12,50,992
prime_check,12,51,84
prime_check,12,52,4
prime_check,12,53,1627
prime_check,12,54,36
prime_check,12,55,62
prime_check,12,56,2
prime_check,12,57,36
prime_check,12,58,60
prime_check,12,60,14
prime_check,12,62,18
prime_check,12,63,54
prime_check,12,64,68
prime_check,12,65,19
prime_check,12,66,38
prime_check,12,67,5
prime_check,12,68,877
prime_check,12,69,766
prime_check,12,71,2082
prime_check,12,73,619
prime_check,12,74,711
prime_check,12,75,9
prime_check,12,76,54
prime_check,12,78,29
prime_check,12,79,133
prime_check,12,80,127
prime_check,12,81,146
prime_check,12,82,1592
prime_check,12,83,1161
prime_check,12,84,259
prime_check,12,85,2737
prime_check,12,86,59
prime_check,12,87,18
prime_check,12,88,1206
prime_check,12,90,1311
prime_check,12,91,14
prime_check,12,92,22
prime_check,12,94,72
prime_check,12,95,36
prime_check,12,97,37
prime_check,12,98,166
prime_check,12,99,35
prime_check,12,100,218
prime_check,12,101,12
prime_check,12,102,812
prime_check,12,103,1985
prime_check,12,104,15
prime_check,12,105,256
prime_check,12,106,112
prime_check,12,107,27
prime_check,12,108,1044
prime_check,12,109,162
prime_check,12,112,23
prime_check,12,113,504
prime_check,12,115,2
prime_check,12,116,779
prime_check,12,117,318
prime_check,12,118,177
prime_check,12,119,40
prime_check,12,120,135
prime_check,12,122,66
prime_check,12,123,2
prime_check,12,124,37
prime_check,12,125,200
prime_check,12,126,1
prime_check,12,127,148
prime_check,13,0,39
prime_check,13,1,365
prime_check,13,2,593
prime_check,13,4,254
prime_check,13,5,12
prime_check,13,6,178
prime_check,13,7,33
prime_check,13,8,142
prime_check,13,9,115
prime_check,13,11,160
prime_check,13,13,114
prime_check,13,14,36
prime_check,13,15,188
prime_check,13,16,2
prime_check,13,17,5
prime_check,13,19,1
prime_check,13,22,414
prime_check,13,23,26
prime_check,13,25,922
prime_check,13,26,60
prime_check,13,27,18
prime_check,13,29,70
prime_check,13,30,1
prime_check,13,31,1245
prime_check,13,32,11
prime_check,13,34,1049
prime_check,13,35,986
prime_check,13,36,36
prime_check,13,37,2580
prime_check,13,38,838
prime_check,13,39,49
prime_check,13,40,51
prime_check,13,41,138
prime_check,13,42,2821
prime_check,13,43,720
prime_check,13,44,70
prime_check,13,45,116
prime_check,13,46,145
prime_check,13,47,282
prime_check,13,49,112
prime_check,13,52,139
prime_check,13,53,837
prime_check,13,54,28
prime_check,13,55,20
prime_check,13,56,649
prime_check,13,58,98
prime_check,13,59,93
prime_check,13,60,574
prime_check,13,61,286
prime_check,13,62,1072
prime_check,13,63,23
prime_check,13,64,673
prime_check,13,65,335
prime_check,13,66,15
prime_check,13,67,2
prime_check,13,69,3
prime_check,13,70,714
prime_check,13,71,73
prime_check,13,72,18
prime_check,13,73,170
prime_check,13,74,174
prime_check,13,75,463
prime_check,13,76,28
prime_check,13,77,12
prime_check,13,78,111
prime_check,13,79,1306
prime_check,13,80,36
prime_check,13,81,772
prime_check,13,82,50
prime_check,13,83,37
prime_check,13,84,155
prime_check,13,85,39
prime_check,13,86,266
prime_check,13,87,1
prime_check,13,88,174
prime_check,13,89,561
prime_check,13,90,1990
prime_check,13,91,9
prime_check,13,92,89
prime_check,13,93,1736
prime_check,13,94,104
prime_check,13,95,55
prime_check,13,96,39
prime_check,13,97,3
prime_check,13,98,1
prime_check,13,99,133
prime_check,13,100,1019
prime_check,13,101,3
prime_check,13,102,286
prime_check,13,103,18
prime_check,13,104,262
prime_check,13,105,232
prime_check,13,107,417
prime_check,13,109,62
prime_check,13,110,722
prime_check,13,111,4
prime_check,13,113,259
prime_check,13,114,896
prime_check,13,115,28
prime_check,13,116,75
prime_check,13,117,742
prime_check,13,119,10
prime_check,13,120,1156
prime_check,13,121,454
prime_check,13,122,648
prime_check,13,124,828
prime_check,13,125,393
prime_check,13,126,2499
prime_check,14,0,12
prime_check,14,1,22
prime_check,14,4,157
prime_check,14,5,5
prime_check,14,6,246
prime_check,14,7,94
prime_check,14,8,184
prime_check,14,9,24
prime_check,14,10,217
prime_check,14,11,35
prime_check,14,12,105
prime_check,14,13,158
prime_check,14,14,36
prime_check,14,15,39
prime_check,14,16,330
prime_check,14,17,15
prime_check,14,18,46
prime_check,14,19,20
prime_check,14,20,25
prime_check,14,21,261
prime_check,14,22,39
prime_check,14,23,47
prime_check,14,24,142
prime_check,14,26,755
prime_check,14,28,10
prime_check,14,29,115
prime_check,14,30,745
prime_check,14,31,169
prime_check,14,32,2
prime_check,14,33,97
prime_check,14,35,31
prime_check,14,36,98
prime_check,14,38,366
prime_check,14,39,2244
prime_check,14,40,1417
prime_check,14,41,11
prime_check,14,42,49
prime_check,14,43,436
prime_check,14,44,7
prime_check,14,46,2
prime_check,14,47,21
prime_check,14,48,137
prime_check,14,49,37
prime_check,14,50,347
prime_check,14,51,88
prime_check,14,52,1234
prime_check,14,53,10
prime_check,14,54,333
prime_check,14,55,120
prime_check,14,56,299
prime_check,14,57,727
prime_check,14,58,83
prime_check,14,59,1179
prime_check,14,60,463
prime_check,14,62,49
prime_check,14,63,897
prime_check,14,64,69
prime_check,14,65,41
prime_check,14,66,18
prime_check,14,67,123
prime_check,14,68,1040
prime_check,14,69,113
prime_check,14,71,112
prime_check,14,72,581
prime_check,14,73,152
prime_check,14,74,420
prime_check,14,75,1566
prime_check,14,76,89
prime_check,14,77,1178
prime_check,14,78,154
prime_check,14,79,367
prime_check,14,80,152
prime_check,14,81,65
prime_check,14,83,111
prime_check,14,85,2
prime_check,14,86,783
prime_check,14,89,143
prime_check,14,90,22
prime_check,14,91,266
prime_check,14,92,2
prime_check,14,93,603
prime_check,14,94,143
prime_check,14,95,173
prime_check,14,96,330
prime_check,14,97,604
prime_check,14,98,767
prime_check,14,99,1821
prime_check,14,100,833
prime_check,14,101,308
prime_check,14,103,548
prime_check,14,106,132
prime_check,14,107,96
prime_check,14,108,161
prime_check,14,109,22
prime_check,14,110,21
prime_check,14,111,2568
prime_check,14,112,3459
prime_check,14,113,22
prime_check,14,114,998
prime_check,14,115,1003
prime_check,14,117,11
prime_check,14,119,259
prime_check,14,120,11
prime_check,14,121,950
prime_check,14,123,176
prime_check,14,124,372
prime_check,14,125,36
prime_check,14,126,1325
prime_check,14,127,18
prime_check,15,0,770
prime_check,15,1,10
prime_check,15,2,873
prime_check,15,4,959
prime_check,15,5,120
prime_check,15,6,205
prime_check,15,7,112
prime_check,15,8,180
prime_check,15,9,87
prime_check,15,10,3
prime_check,15,11,251
prime_check,15,12,1122
prime_check,15,13,117
prime_check,15,14,227
prime_check,15,15,44
prime_check,15,16,138
prime_check,15,17,210
prime_check,15,18,281
prime_check,15,19,11
prime_check,15,21,88
prime_check,15,22,265
prime_check,15,23,1
prime_check,15,24,19
prime_check,15,25,291
prime_check,15,26,280
prime_check,15,27,194
prime_check,15,28,857
prime_check,15,30,159
prime_check,15,31,187
prime_check,15,32,505
prime_check,15,33,51
prime_check,15,34,367
prime_check,15,35,83
prime_check,15,36,252
prime_check,15,37,359
prime_check,15,39,162
prime_check,15,40,35
prime_check,15,41,344
prime_check,15,42,182
prime_check,15,43,829
prime_check,15,45,248
prime_check,15,46,908
prime_check,15,47,194
prime_check,15,48,101
prime_check,15,49,646
prime_check,15,50,485
prime_check,15,51,545
prime_check,15,52,529
prime_check,15,53,4
prime_check,15,54,111
prime_check,15,55,243
prime_check,15,56,1160
prime_check,15,57,154
prime_check,15,58,34
prime_check,15,59,4
prime_check,15,60,18
prime_check,15,61,257
prime_check,15,62,10
prime_check,15,63,207
prime_check,15,64,115
prime_check,15,65,1507
prime_check,15,66,1201
prime_check,15,67,52
prime_check,15,68,2076
prime_check,15,69,91
prime_check,15,70,3
prime_check,15,71,1394
prime_check,15,72,3
prime_check,15,73,499
prime_check,15,74,69
prime_check,15,75,149
prime_check,15,76,1125
prime_check,15,77,332
prime_check,15,78,276
prime_check,15,79,1177
prime_check,15,80,304
prime_check,15,81,54
prime_check,15,82,243
prime_check,15,83,1386
prime_check,15,84,199
prime_check,15,85,311
prime_check,15,86,191
prime_check,15,87,288
prime_check,15,88,1332
prime_check,15,89,29
prime_check,15,90,292
prime_check,15,91,360
prime_check,15,92,6
prime_check,15,93,130
prime_check,15,94,115
prime_check,15,95,127
prime_check,15,96,715
prime_check,15,97,241
prime_check,15,98,83
prime_check,15,99,158
prime_check,15,100,26
prime_check,15,101,140
prime_check,15,103,32
prime_check,15,104,327
prime_check,15,105,266
prime_check,15,106,42
prime_check,15,107,23
prime_check,15,108,334
prime_check,15,109,328
prime_check,15,111,128
prime_check,15,112,1688
prime_check,15,113,130
prime_check,15,114,399
prime_check,15,115,26
prime_check,15,116,47
prime_check,15,117,145
prime_check,15,118,1
prime_check,15,119,118
prime_check,15,120,122
prime_check,15,121,100
prime_check,15,122,489
prime_check,15,123,3
prime_check,15,124,77
prime_check,15,125,1308
prime_check,15,126,56
prime_check,15,127,100
prime_check,16,0,1696
prime_check,16,1,4
prime_check,16,2,136
prime_check,16,3,332
prime_check,16,4,339
prime_check,16,6,39
prime_check,16,7,758
prime_check,16,8,2373
prime_check,16,9,281
prime_check,16,10,73
prime_check,16,11,346
prime_check,16,12,173
prime_check,16,13,621
prime_check,16,14,68
prime_check,16,16,1
prime_check,16,17,366
prime_check,16,19,528
prime_check,16,20,32
prime_check,16,21,115
prime_check,16,22,802
prime_check,16,23,70
prime_check,16,24,1392
prime_check,16,25,160
prime_check,16,26,77
prime_check,16,27,711
prime_check,16,28,123
prime_check,16,29,278
prime_check,16,30,233
prime_check,16,31,468
prime_check,16,32,5
prime_check,16,33,58
prime_check,16,34,349
prime_check,16,35,20
prime_check,16,36,586
prime_check,16,37,84
prime_check,16,38,98
prime_check,16,39,43
prime_check,16,40,8
prime_check,16,41,55
prime_check,16,42,20
prime_check,16,43,457
prime_check,16,44,360
prime_check,16,45,1230
prime_check,16,46,389
prime_check,16,47,2
prime_check,16,48,173
prime_check,16,50,195
prime_check,16,51,120
prime_check,16,53,75
prime_check,16,54,489
prime_check,16,55,831
prime_check,16,56,386
prime_check,16,57,4
prime_check,16,58,864
prime_check,16,59,459
prime_check,16,61,2
prime_check,16,62,1
prime_check,16,63,40
prime_check,16,64,31
prime_check,16,65,6
prime_check,16,66,4
prime_check,16,68,970
prime_check,16,69,263
prime_check,16,70,209
prime_check,16,71,517
prime_check,16,72,1405
prime_check,16,73,828
prime_check,16,74,234
prime_check,16,76,10
prime_check,16,77,26
prime_check,16,78,105
prime_check,16,79,127
prime_check,16,80,302
prime_check,16,81,117
prime_check,16,82,28
prime_check,16,83,376
prime_check,16,84,179
prime_check,16,85,155
prime_check,16,86,402
prime_check,16,89,1772
prime_check,16,90,113
prime_check,16,91,7
prime_check,16,92,1187
prime_check,16,93,434
prime_check,16,94,215
prime_check,16,96,202
prime_check,16,97,52
prime_check,16,98,3
prime_check,16,99,824
prime_check,16,100,134
prime_check,16,101,77
prime_check,16,102,96
prime_check,16,103,818
prime_check,16,104,1080
prime_check,16,105,845
prime_check,16,106,905
prime_check,16,107,202
prime_check,16,108,183
prime_check,16,109,155
prime_check,16,110,1
prime_check,16,111,981
prime_check,16,112,455
prime_check,16,113,92
prime_check,16,114,6
prime_check,16,115,259
prime_check,16,116,18
prime_check,16,117,58
prime_check,16,119,283
prime_check,16,120,3
prime_check,16,121,4
prime_check,16,122,513
prime_check,16,123,306
prime_check,16,124,183
prime_check,16,125,227
prime_check,16,126,400
prime_check,16,127,791
prime_check,17,0,1
prime_check,17,1,182
prime_check,17,2,771
prime_check,17,3,46
prime_check,17,4,603
prime_check,17,5,1831
prime_check,17,7,237
prime_check,17,8,74
prime_check,17,9,39
prime_check,17,10,165
prime_check,17,11,944
prime_check,17,15,10
prime_check,17,17,268
prime_check,17,18,73
prime_check,17,19,634
prime_check,17,20,242
prime_check,17,21,183
prime_check,17,22,1523
prime_check,17,23,675
prime_check,17,24,85
prime_check,17,25,3
prime_check,17,26,525
prime_check,17,27,679
prime_check,17,28,2200
prime_check,17,29,2165
prime_check,17,30,63
prime_check,17,31,40
prime_check,17,32,189
prime_check,17,33,540
prime_check,17,34,56
prime_check,17,35,266
prime_check,17,36,122
prime_check,17,37,1
prime_check,17,38,67
prime_check,17,39,113
prime_check,17,40,19
prime_check,17,41,184
prime_check,17,42,83
prime_check,17,43,1724
prime_check,17,44,564
prime_check,17,45,39
prime_check,17,46,26
prime_check,17,47,147
prime_check,17,48,48
prime_check,17,49,298
prime_check,17,50,203
prime_check,17,51,64
prime_check,17,52,278
prime_check,17,53,105
prime_check,17,54,129
prime_check,17,55,80
prime_check,17,57,36
prime_check,17,58,258
prime_check,17,59,122
prime_check,17,60,119
prime_check,17,61,1175
prime_check,17,62,373
prime_check,17,63,52
prime_check,17,64,32
prime_check,17,65,51
prime_check,17,68,37
prime_check,17,69,1057
prime_check,17,70,17
prime_check,17,71,41
prime_check,17,72,1378
prime_check,17,73,146
prime_check,17,74,220
prime_check,17,75,725
prime_check,17,77,83
prime_check,17,78,108
prime_check,17,79,2
prime_check,17,80,567
prime_check,17,81,4
prime_check,17,82,83
prime_check,17,83,307
prime_check,17,84,171
prime_check,17,85,10
prime_check,17,86,36
prime_check,17,87,19
prime_check,17,88,707
prime_check,17,89,245
prime_check,17,90,498
prime_check,17,91,162
prime_check,17,92,311
prime_check,17,93,1
prime_check,17,94,1
prime_check,17,96,1106
prime_check,17,97,86
prime_check,17,98,53
prime_check,17,99,64
prime_check,17,100,492
prime_check,17,101,66
prime_check,17,102,1272
prime_check,17,103,126
prime_check,17,104,326
prime_check,17,105,35
prime_check,17,106,188
prime_check,17,107,262
prime_check,17,108,48
prime_check,17,109,1
prime_check,17,110,378
prime_check,17,111,205
prime_check,17,112,506
prime_check,17,113,1
prime_check,17,114,55
prime_check,17,115,295
prime_check,17,116,671
prime_check,17,117,255
prime_check,17,118,1140
prime_check,17,119,73
prime_check,17,120,760
prime_check,17,121,3
prime_check,17,122,18
prime_check,17,123,19
prime_check,17,124,71
prime_check,17,125,2459
prime_check,17,126,1
prime_check,17,127,381
prime_check,18,0,1043
prime_check,18,1,2
prime_check,18,2,37
prime_check,18,3,161
prime_check,18,4,1187
prime_check,18,5,401
prime_check,18,6,79
prime_check,18,7,311
prime_check,18,8,1429
prime_check,18,9,126
prime_check,18,11,6
prime_check,18,12,62
prime_check,18,13,1260
prime_check,18,14,38
prime_check,18,15,50
prime_check,18,16,443
prime_check,18,17,125
prime_check,18,18,29
prime_check,18,19,74
prime_check,18,20,2
prime_check,18,21,169
prime_check,18,22,34
prime_check,18,23,252
prime_check,18,24,152
prime_check,18,25,46
prime_check,18,28,124
prime_check,18,29,34
prime_check,18,30,331
prime_check,18,31,250
prime_check,18,32,10
prime_check,18,33,94
prime_check,18,36,652
prime_check,18,37,7
prime_check,18,38,68
prime_check,18,39,610
prime_check,18,40,71
prime_check,18,42,1874
prime_check,18,43,428
prime_check,18,44,184
prime_check,18,45,44
prime_check,18,46,440
prime_check,18,47,117
prime_check,18,49,215
prime_check,18,50,13
prime_check,18,52,823
prime_check,18,53,762
prime_check,18,54,70
prime_check,18,55,72
prime_check,18,56,505
prime_check,18,57,733
prime_check,18,58,121
prime_check,18,59,1710
prime_check,18,60,23
prime_check,18,61,779
prime_check,18,62,692
prime_check,18,63,171
prime_check,18,65,1
prime_check,18,66,248
prime_check,18,67,580
prime_check,18,68,625
prime_check,18,69,18
prime_check,18,71,279
prime_check,18,72,145
prime_check,18,73,229
prime_check,18,74,169
prime_check,18,75,230
prime_check,18,76,688
prime_check,18,77,173
prime_check,18,78,151
prime_check,18,79,12
prime_check,18,80,5
prime_check,18,81,30
prime_check,18,82,20
prime_check,18,84,3
prime_check,18,85,225
prime_check,18,86,675
prime_check,18,87,221
prime_check,18,88,69
prime_check,18,90,61
prime_check,18,91,245
prime_check,18,92,287
prime_check,18,93,40
prime_check,18,94,498
prime_check,18,95,1075
prime_check,18,96,333
prime_check,18,97,95
prime_check,18,98,1405
prime_check,18,99,79
prime_check,18,100,309
prime_check,18,101,330
prime_check,18,102,20
prime_check,18,103,723
prime_check,18,104,18
prime_check,18,105,1238
prime_check,18,106,3
prime_check,18,107,17
prime_check,18,108,1219
prime_check,18,109,488
prime_check,18,110,572
prime_check,18,111,1
prime_check,18,112,98
prime_check,18,114,1548
prime_check,18,115,8
prime_check,18,116,84
prime_check,18,118,744
prime_check,18,119,18
prime_check,18,120,137
prime_check,18,121,305
prime_check,18,122,940
prime_check,18,123,381
prime_check,18,124,1047
prime_check,18,125,112
prime_check,18,126,22
prime_check,18,127,1335
prime_check,19,1,85
prime_check,19,2,1
prime_check,19,3,17
prime_check,19,5,951
prime_check,19,6,145
prime_check,19,7,939
prime_check,19,9,191
prime_check,19,10,120
prime_check,19,11,1833
prime_check,19,12,37
prime_check,19,13,56
prime_check,19,14,682
prime_check,19,15,320
prime_check,19,16,7
prime_check,19,17,10
prime_check,19,18,201
prime_check,19,19,683
prime_check,19,20,318
prime_check,19,21,4
prime_check,19,23,117
prime_check,19,24,920
prime_check,19,25,318
prime_check,19,27,76
prime_check,19,28,2026
prime_check,19,29,243
prime_check,19,30,1
prime_check,19,31,127
prime_check,19,32,11
prime_check,19,33,2390
prime_check,19,35,24
prime_check,19,36,92
prime_check,19,37,2156
prime_check,19,38,398
prime_check,19,39,1489
prime_check,19,40,528
prime_check,19,41,44
prime_check,19,42,200
prime_check,19,43,369
prime_check,19,45,359
prime_check,19,46,485
prime_check,19,47,541
prime_check,19,48,18
prime_check,19,50,26
prime_check,19,51,833
prime_check,19,52,391
prime_check,19,53,591
prime_check,19,54,455
prime_check,19,55,341
prime_check,19,56,9
prime_check,19,57,57
prime_check,19,58,530
prime_check,19,59,177
prime_check,19,60,135
prime_check,19,63,519
prime_check,19,64,1018
prime_check,19,65,4
prime_check,19,66,362
prime_check,19,68,1210
prime_check,19,69,54
prime_check,19,70,415
prime_check,19,71,181
prime_check,19,73,10
prime_check,19,74,1
prime_check,19,75,652
prime_check,19,76,499
prime_check,19,78,335
prime_check,19,80,18
prime_check,19,81,121
prime_check,19,82,82
prime_check,19,83,1192
prime_check,19,84,266
prime_check,19,86,431
prime_check,19,87,1126
prime_check,19,90,517
prime_check,19,92,145
prime_check,19,93,951
prime_check,19,94,537
prime_check,19,97,458
prime_check,19,98,6
prime_check,19,99,4
prime_check,19,100,15
prime_check,19,101,150
prime_check,19,102,158
prime_check,19,103,56
prime_check,19,104,117
prime_check,19,105,2
prime_check,19,106,227
prime_check,19,108,2
prime_check,19,110,211
prime_check,19,111,17
prime_check,19,112,274
prime_check,19,113,62
prime_check,19,114,10
prime_check,19,115,135
prime_check,19,117,1744
prime_check,19,118,246
prime_check,19,119,28
prime_check,19,120,809
prime_check,19,121,304
prime_check,19,122,7
prime_check,19,123,1138
prime_check,19,124,21
prime_check,19,125,244
prime_check,19,126,8
prime_check,20,1,956
prime_check,20,2,427
prime_check,20,3,317
prime_check,20,4,386
prime_check,20,5,342
prime_check,20,7,13
prime_check,20,8,280
prime_check,20,9,492
prime_check,20,10,532
prime_check,20,11,631
prime_check,20,12,411
prime_check,20,13,1
prime_check,20,14,28
prime_check,20,16,24
prime_check,20,17,229
prime_check,20,18,431
prime_check,20,19,27
prime_check,20,21,85
prime_check,20,22,713
prime_check,20,23,3
prime_check,20,24,71
prime_check,20,25,87
prime_check,20,27,185
prime_check,20,30,113
prime_check,20,31,5
prime_check,20,32,133
prime_check,20,33,1093
prime_check,20,34,377
prime_check,20,35,16
prime_check,20,37,1508
prime_check,20,38,26
prime_check,20,39,6
prime_check,20,40,86
prime_check,20,41,897
prime_check,20,42,170
prime_check,20,43,86
prime_check,20,44,18
prime_check,20,45,15
prime_check,20,46,353
prime_check,20,47,22
prime_check,20,50,287
prime_check,20,51,51
prime_check,20,52,597
prime_check,20,54,31
prime_check,20,55,459
prime_check,20,56,535
prime_check,20,57,422
prime_check,20,58,1547
prime_check,20,59,294
prime_check,20,60,316
prime_check,20,61,5
prime_check,20,62,197
prime_check,20,63,602
prime_check,20,64,181
prime_check,20,65,2
prime_check,20,66,1858
prime_check,20,67,1193
prime_check,20,68,144
prime_check,20,69,56
prime_check,20,70,1
prime_check,20,71,5
prime_check,20,72,1
prime_check,20,73,1333
prime_check,20,74,33
prime_check,20,75,43
prime_check,20,76,2
prime_check,20,77,349
prime_check,20,78,147
prime_check,20,79,304
prime_check,20,80,30
prime_check,20,82,289
prime_check,20,83,428
prime_check,20,84,1249
prime_check,20,85,258
prime_check,20,86,5
prime_check,20,87,9
prime_check,20,88,530
prime_check,20,89,508
prime_check,20,90,86
prime_check,20,91,68
prime_check,20,92,3
prime_check,20,93,574
prime_check,20,94,219
prime_check,20,95,193
prime_check,20,96,19
prime_check,20,97,393
prime_check,20,98,838
prime_check,20,99,913
prime_check,20,100,1356
prime_check,20,102,22
prime_check,20,103,967
prime_check,20,104,74
prime_check,20,105,682
prime_check,20,106,972
prime_check,20,108,2197
prime_check,20,112,740
prime_check,20,114,24
prime_check,20,115,242
prime_check,20,118,44
prime_check,20,120,116
prime_check,20,121,349
prime_check,20,122,64
prime_check,20,123,1111
prime_check,20,124,1707
prime_check,20,125,288
prime_check,20,126,1
prime_check,20,127,18
prime_check,21,1,220
prime_check,21,2,4
prime_check,21,4,27
prime_check,21,5,44
prime_check,21,6,28
prime_check,21,8,422
prime_check,21,9,138
prime_check,21,10,113
prime_check,21,11,1
prime_check,21,13,161
prime_check,21,15,69
prime_check,21,16,206
prime_check,21,17,1358
prime_check,21,19,432
prime_check,21,20,3344
prime_check,21,21,8
prime_check,21,22,777
prime_check,21,23,10
prime_check,21,24,425
prime_check,21,25,43
prime_check,21,26,394
prime_check,21,27,119
prime_check,21,29,41
prime_check,21,30,61
prime_check,21,31,210
prime_check,21,32,438
prime_check,21,33,411
prime_check,21,34,404
prime_check,21,35,1202
prime_check,21,36,497
prime_check,21,37,462
prime_check,21,38,266
prime_check,21,39,369
prime_check,21,40,431
prime_check,21,41,908
prime_check,21,42,3
prime_check,21,43,54
prime_check,21,44,10
prime_check,21,45,6
prime_check,21,46,843
prime_check,21,47,482
prime_check,21,48,361
prime_check,21,49,4
prime_check,21,50,45
prime_check,21,52,978
prime_check,21,53,359
prime_check,21,54,268
prime_check,21,55,150
prime_check,21,57,495
prime_check,21,58,92
prime_check,21,59,18
prime_check,21,60,177
prime_check,21,61,1782
prime_check,21,62,91
prime_check,21,63,875
prime_check,21,65,395
prime_check,21,66,320
prime_check,21,67,745
prime_check,21,68,30
prime_check,21,70,1462
prime_check,21,71,10
prime_check,21,72,262
prime_check,21,73,299
prime_check,21,74,636
prime_check,21,76,19
prime_check,21,77,131
prime_check,21,78,115
prime_check,21,79,1486
prime_check,21,80,1
prime_check,21,81,8
prime_check,21,82,267
prime_check,21,83,57
prime_check,21,84,20
prime_check,21,85,484
prime_check,21,86,224
prime_check,21,87,108
prime_check,21,88,1
prime_check,21,89,45
prime_check,21,90,2
prime_check,21,91,1
prime_check,21,93,15
prime_check,21,94,1070
prime_check,21,95,345
prime_check,21,96,4
prime_check,21,97,186
prime_check,21,98,103
prime_check,21,99,247
prime_check,21,100,306
prime_check,21,101,279
prime_check,21,103,100
prime_check,21,104,1029
prime_check,21,105,1059
prime_check,21,106,217
prime_check,21,107,20
prime_check,21,109,632
prime_check,21,110,16
prime_check,21,111,161
prime_check,21,113,2219
prime_check,21,115,1
prime_check,21,117,111
prime_check,21,118,16
prime_check,21,119,151
prime_check,21,120,141
prime_check,21,121,49
prime_check,21,122,1696
prime_check,21,123,18
prime_check,21,124,283
prime_check,21,127,1438
prime_check,22,0,220
prime_check,22,1,3
prime_check,22,2,791
prime_check,22,4,240
prime_check,22,5,43
prime_check,22,7,155
prime_check,22,8,216
prime_check,22,9,1
prime_check,22,10,3
prime_check,22,11,37
prime_check,22,15,3
prime_check,22,16,2060
prime_check,22,17,4
prime_check,22,18,216
prime_check,22,19,67
prime_check,22,21,36
prime_check,22,26,8
prime_check,22,27,3424
prime_check,22,28,485
prime_check,22,30,96
prime_check,22,31,137
prime_check,22,32,24
prime_check,22,33,1564
prime_check,22,35,1031
prime_check,22,37,325
prime_check,22,38,741
prime_check,22,39,57
prime_check,22,40,230
prime_check,22,41,18
prime_check,22,42,421
prime_check,22,43,69
prime_check,22,44,460
prime_check,22,45,271
prime_check,22,47,330
prime_check,22,48,102
prime_check,22,50,81
prime_check,22,52,3
prime_check,22,53,688
prime_check,22,54,369
prime_check,22,57,288
prime_check,22,58,117
prime_check,22,61,717
prime_check,22,62,6
prime_check,22,63,274
prime_check,22,64,132
prime_check,22,65,124
prime_check,22,66,55
prime_check,22,67,5
prime_check,22,69,143
prime_check,22,70,836
prime_check,22,71,696
prime_check,22,72,1766
prime_check,22,73,481
prime_check,22,74,18
prime_check,22,75,37
prime_check,22,76,1075
prime_check,22,77,1243
prime_check,22,80,8
prime_check,22,81,243
prime_check,22,82,97
prime_check,22,83,1301
prime_check,22,84,211
prime_check,22,85,935
prime_check,22,88,18
prime_check,22,90,375
prime_check,22,92,1665
prime_check,22,93,241
prime_check,22,95,31
prime_check,22,99,658
prime_check,22,100,368
prime_check,22,102,1988
prime_check,22,103,1269
prime_check,22,104,2254
prime_check,22,106,345
prime_check,22,107,1666
prime_check,22,108,38
prime_check,22,110,219
prime_check,22,113,135
prime_check,22,116,481
prime_check,22,117,218
prime_check,22,118,186
prime_check,22,119,219
prime_check,22,120,35
prime_check,22,122,744
prime_check,22,123,162
prime_check,22,125,202
prime_check,22,126,789
prime_check,22,127,33
prime_check,23,0,856
prime_check,23,1,351
prime_check,23,2,1
prime_check,23,3,585
prime_check,23,4,10
prime_check,23,5,227
prime_check,23,7,8
prime_check,23,8,335
prime_check,23,9,544
prime_check,23,10,115
prime_check,23,11,1
prime_check,23,12,177
prime_check,23,13,2029
prime_check,23,14,11
prime_check,23,15,18
prime_check,23,16,12
prime_check,23,17,284
prime_check,23,18,551
prime_check,23,19,51
prime_check,23,20,319
prime_check,23,21,926
prime_check,23,22,3
prime_check,23,23,589
prime_check,23,25,24
prime_check,23,26,288
prime_check,23,27,222
prime_check,23,28,1279
prime_check,23,29,1043
prime_check,23,30,441
prime_check,23,31,48
prime_check,23,32,198
prime_check,23,33,1141
prime_check,23,34,167
prime_check,23,36,701
prime_check,23,37,36
prime_check,23,38,328
prime_check,23,39,212
prime_check,23,40,49
prime_check,23,41,2
prime_check,23,42,1779
prime_check,23,44,781
prime_check,23,45,991
prime_check,23,46,345
prime_check,23,47,1394
prime_check,23,50,220
prime_check,23,51,177
prime_check,23,52,2347
prime_check,23,54,18
prime_check,23,55,66
prime_check,23,56,849
prime_check,23,57,521
prime_check,23,58,1853
prime_check,23,59,1
prime_check,23,60,24
prime_check,23,61,329
prime_check,23,62,7
prime_check,23,63,251
prime_check,23,64,783
prime_check,23,65,522
prime_check,23,66,46
prime_check,23,67,33
prime_check,23,68,57
prime_check,23,69,5
prime_check,23,70,16
prime_check,23,71,85
prime_check,23,72,234
prime_check,23,73,43
prime_check,23,74,2
prime_check,23,75,55
prime_check,23,76,943
prime_check,23,77,106
prime_check,23,78,762
prime_check,23,79,326
prime_check,23,80,309
prime_check,23,81,84
prime_check,23,82,2
prime_check,23,83,20
prime_check,23,84,236
prime_check,23,85,11
prime_check,23,86,363
prime_check,23,87,117
prime_check,23,88,86
prime_check,23,89,1360
prime_check,23,90,127
prime_check,23,91,478
prime_check,23,92,828
prime_check,23,93,5
prime_check,23,94,106
prime_check,23,95,13
prime_check,23,96,3
prime_check,23,97,602
prime_check,23,98,55
prime_check,23,99,76
prime_check,23,100,65
prime_check,23,101,284
prime_check,23,102,14
prime_check,23,104,223
prime_check,23,105,40
prime_check,23,106,367
prime_check,23,108,529
prime_check,23,109,577
prime_check,23,110,106
prime_check,23,112,309
prime_check,23,113,11
prime_check,23,114,194
prime_check,23,116,115
prime_check,23,118,900
prime_check,23,120,270
prime_check,23,121,2
prime_check,23,123,460
prime_check,23,124,391
prime_check,23,125,1
prime_check,23,126,279
prime_check,23,127,5
prime_check,24,0,167
prime_check,24,1,8
prime_check,24,2,3
prime_check,24,3,75
prime_check,24,4,417
prime_check,24,5,302
prime_check,24,6,2
prime_check,24,7,2
prime_check,24,8,803
prime_check,24,9,429
prime_check,24,10,243
prime_check,24,11,8
prime_check,24,12,226
prime_check,24,13,302
prime_check,24,14,5
prime_check,24,16,10
prime_check,24,17,3
prime_check,24,18,2
prime_check,24,19,22
prime_check,24,20,123
prime_check,24,21,51
prime_check,24,22,2477
prime_check,24,23,1227
prime_check,24,24,179
prime_check,24,25,4
prime_check,24,26,25
prime_check,24,27,3
prime_check,24,28,196
prime_check,24,29,176
prime_check,24,30,392
prime_check,24,31,398
prime_check,24,32,96
prime_check,24,33,136
prime_check,24,34,984
prime_check,24,35,1449
prime_check,24,36,1179
prime_check,24,37,1237
prime_check,24,38,42
prime_check,24,39,1282
prime_check,24,40,110
prime_check,24,41,40
prime_check,24,42,58
prime_check,24,43,20
prime_check,24,44,46
prime_check,24,45,134
prime_check,24,46,455
prime_check,24,47,114
prime_check,24,48,5
prime_check,24,49,382
prime_check,24,50,637
prime_check,24,51,430
prime_check,24,52,13
prime_check,24,53,13
prime_check,24,54,2139
prime_check,24,55,93
prime_check,24,56,2
prime_check,24,57,272
prime_check,24,58,1179
prime_check,24,59,26
prime_check,24,60,37
prime_check,24,61,25
prime_check,24,62,140
prime_check,24,63,750
prime_check,24,64,173
prime_check,24,66,1881
prime_check,24,67,59
prime_check,24,69,418
prime_check,24,70,380
prime_check,24,71,55
prime_check,24,72,2199
prime_check,24,73,3
prime_check,24,74,1332
prime_check,24,75,372
prime_check,24,76,691
prime_check,24,77,310
prime_check,24,78,121
prime_check,24,80,221
prime_check,24,82,49
prime_check,24,83,473
prime_check,24,84,1
prime_check,24,86,5
prime_check,24,87,135
prime_check,24,88,833
prime_check,24,89,2
prime_check,24,90,44
prime_check,24,92,9
prime_check,24,93,96
prime_check,24,94,4
prime_check,24,96,18
prime_check,24,98,240
prime_check,24,101,236
prime_check,24,102,43
prime_check,24,103,838
prime_check,24,104,203
prime_check,24,105,837
prime_check,24,106,9
prime_check,24,107,74
prime_check,24,108,61
prime_check,24,109,982
prime_check,24,110,1679
prime_check,24,111,374
prime_check,24,112,5
prime_check,24,114,113
prime_check,24,115,925
prime_check,24,116,65
prime_check,24,117,19
prime_check,24,118,317
prime_check,24,119,64
prime_check,24,120,12
prime_check,24,121,488
prime_check,24,122,16
prime_check,24,123,40
prime_check,24,124,18
prime_check,24,125,2
prime_check,24,126,185
prime_check,24,127,642
prime_check,25,0,2
prime_check,25,1,623
prime_check,25,2,243
prime_check,25,6,81
prime_check,25,7,1290
prime_check,25,8,2
prime_check,25,9,49
prime_check,25,10,370
prime_check,25,11,18
prime_check,25,12,42
prime_check,25,13,22
prime_check,25,14,20
prime_check,25,15,1
prime_check,25,16,37
prime_check,25,17,1576
prime_check,25,18,37
prime_check,25,19,36
prime_check,25,20,1
prime_check,25,21,668
prime_check,25,22,401
prime_check,25,23,1
prime_check,25,25,1834
prime_check,25,26,114
prime_check,25,27,12
prime_check,25,28,1973
prime_check,25,30,94
prime_check,25,31,36
prime_check,25,32,323
prime_check,25,33,2311
prime_check,25,34,21
prime_check,25,35,25
prime_check,25,36,1965
prime_check,25,37,760
prime_check,25,38,42
prime_check,25,39,186
prime_check,25,40,803
prime_check,25,41,204
prime_check,25,42,1813
prime_check,25,43,2
prime_check,25,44,257
prime_check,25,45,117
prime_check,25,46,509
prime_check,25,47,93
prime_check,25,48,71
prime_check,25,49,429
prime_check,25,50,522
prime_check,25,51,55
prime_check,25,52,177
prime_check,25,53,1036
prime_check,25,54,215
prime_check,25,55,141
prime_check,25,56,1277
prime_check,25,57,18
prime_check,25,58,243
prime_check,25,59,122
prime_check,25,60,298
prime_check,25,61,418
prime_check,25,62,88
prime_check,25,63,1396
prime_check,25,64,6
prime_check,25,65,4
prime_check,25,66,36
prime_check,25,67,57
prime_check,25,68,348
prime_check,25,69,51
prime_check,25,70,37
prime_check,25,72,919
prime_check,25,73,42
prime_check,25,74,1292
prime_check,25,75,339
prime_check,25,76,15
prime_check,25,77,348
prime_check,25,78,399
prime_check,25,79,86
prime_check,25,80,337
prime_check,25,81,66
prime_check,25,82,1172
prime_check,25,83,791
prime_check,25,84,11
prime_check,25,85,21
prime_check,25,86,67
prime_check,25,87,44
prime_check,25,88,214
prime_check,25,92,132
prime_check,25,93,307
prime_check,25,94,1
prime_check,25,95,24
prime_check,25,97,42
prime_check,25,99,4
prime_check,25,100,604
prime_check,25,102,261
prime_check,25,103,18
prime_check,25,104,518
prime_check,25,105,89
prime_check,25,106,330
prime_check,25,107,29
prime_check,25,109,107
prime_check,25,110,49
prime_check,25,111,385
prime_check,25,112,80
prime_check,25,113,1003
prime_check,25,114,3
prime_check,25,115,726
prime_check,25,116,765
prime_check,25,118,383
prime_check,25,119,6
prime_check,25,121,12
prime_check,25,122,4
prime_check,25,123,5
prime_check,25,124,626
prime_check,25,125,243
prime_check,25,126,1189
prime_check,25,127,9
prime_check,26,0,836
prime_check,26,1,858
prime_check,26,2,1059
prime_check,26,3,1
prime_check,26,5,24
prime_check,26,6,508
prime_check,26,7,303
prime_check,26,8,226
prime_check,26,9,42
prime_check,26,10,251
prime_check,26,11,18
prime_check,26,12,76
prime_check,26,13,10
prime_check,26,14,317
prime_check,26,16,37
prime_check,26,17,14
prime_check,26,18,712
prime_check,26,19,1
prime_check,26,20,219
prime_check,26,21,129
prime_check,26,22,109
prime_check,26,23,4
prime_check,26,24,161
prime_check,26,26,929
prime_check,26,27,75
prime_check,26,28,362
prime_check,26,29,519
prime_check,26,30,20
prime_check,26,33,253
prime_check,26,36,2016
prime_check,26,37,623
prime_check,26,39,5
prime_check,26,41,19
prime_check,26,42,155
prime_check,26,43,290
prime_check,26,44,628
prime_check,26,45,328
prime_check,26,46,306
prime_check,26,47,952
prime_check,26,48,915
prime_check,26,49,17
prime_check,26,50,167
prime_check,26,51,141
prime_check,26,52,697
prime_check,26,53,34
prime_check,26,54,994
prime_check,26,55,2687
prime_check,26,56,20
prime_check,26,57,207
prime_check,26,58,654
prime_check,26,59,182
prime_check,26,60,71
prime_check,26,61,518
prime_check,26,62,226
prime_check,26,63,3
prime_check,26,64,67
prime_check,26,65,644
prime_check,26,66,207
prime_check,26,67,38
prime_check,26,68,1598
prime_check,26,69,2196
prime_check,26,70,58
prime_check,26,72,18
prime_check,26,73,132
prime_check,26,74,1
prime_check,26,75,5
prime_check,26,76,142
prime_check,26,77,86
prime_check,26,78,342
prime_check,26,79,63
prime_check,26,80,3
prime_check,26,81,1158
prime_check,26,82,956
prime_check,26,83,192
prime_check,26,84,161
prime_check,26,85,700
prime_check,26,86,202
prime_check,26,87,210
prime_check,26,88,254
prime_check,26,89,690
prime_check,26,90,1
prime_check,26,92,26
prime_check,26,93,586
prime_check,26,94,41
prime_check,26,96,6
prime_check,26,97,38
prime_check,26,98,212
prime_check,26,99,289
prime_check,26,101,553
prime_check,26,102,328
prime_check,26,103,50
prime_check,26,105,244
prime_check,26,106,2713
prime_check,26,107,152
prime_check,26,110,278
prime_check,26,111,864
prime_check,26,112,123
prime_check,26,113,530
prime_check,26,114,339
prime_check,26,115,138
prime_check,26,116,20
prime_check,26,118,63
prime_check,26,120,305
prime_check,26,121,2
prime_check,26,122,100
prime_check,26,123,570
prime_check,26,124,243
prime_check,26,125,75
prime_check,26,126,128
prime_check,26,127,108
prime_check,27,0,1195
prime_check,27,1,151
prime_check,27,2,909
prime_check,27,3,626
prime_check,27,4,159
prime_check,27,5,274
prime_check,27,7,283
prime_check,27,8,774
prime_check,27,9,424
prime_check,27,10,36
prime_check,27,11,75
prime_check,27,12,53
prime_check,27,13,87
prime_check,27,14,427
prime_check,27,15,5
prime_check,27,16,1496
prime_check,27,17,56
prime_check,27,18,161
prime_check,27,19,283
prime_check,27,20,1347
prime_check,27,21,153
prime_check,27,22,310
prime_check,27,23,269
prime_check,27,24,6
prime_check,27,25,1903
prime_check,27,26,2
prime_check,27,27,25
prime_check,27,28,629
prime_check,27,29,26
prime_check,27,31,297
prime_check,27,32,22
prime_check,27,33,2014
prime_check,27,34,308
prime_check,27,35,696
prime_check,27,36,411
prime_check,27,37,1059
prime_check,27,38,2117
prime_check,27,40,40
prime_check,27,42,13
prime_check,27,43,76
prime_check,27,44,48
prime_check,27,45,74
prime_check,27,46,452
prime_check,27,47,661
prime_check,27,48,61
prime_check,27,49,67
prime_check,27,50,253
prime_check,27,51,75
prime_check,27,52,54
prime_check,27,53,285
prime_check,27,54,205
prime_check,27,55,479
prime_check,27,56,91
prime_check,27,57,351
prime_check,27,58,17
prime_check,27,59,297
prime_check,27,60,261
prime_check,27,61,2192
prime_check,27,62,89
prime_check,27,63,124
prime_check,27,64,385
prime_check,27,65,1210
prime_check,27,66,20
prime_check,27,67,839
prime_check,27,68,27
prime_check,27,69,278
prime_check,27,70,260
prime_check,27,71,416
prime_check,27,72,1
prime_check,27,73,88
prime_check,27,74,176
prime_check,27,75,296
prime_check,27,76,302
prime_check,27,77,47
prime_check,27,79,223
prime_check,27,80,954
prime_check,27,81,1044
prime_check,27,82,198
prime_check,27,83,39
prime_check,27,84,567
prime_check,27,85,95
prime_check,27,86,708
prime_check,27,87,87
prime_check,27,88,41
prime_check,27,89,63
prime_check,27,90,252
prime_check,27,91,517
prime_check,27,92,459
prime_check,27,93,75
prime_check,27,94,324
prime_check,27,95,7
prime_check,27,96,116
prime_check,27,97,175
prime_check,27,98,2
prime_check,27,99,340
prime_check,27,101,347
prime_check,27,102,37
prime_check,27,103,74
prime_check,27,104,81
prime_check,27,105,41
prime_check,27,106,26
prime_check,27,107,288
prime_check,27,108,20
prime_check,27,109,434
prime_check,27,110,125
prime_check,27,111,249
prime_check,27,112,20
prime_check,27,113,152
prime_check,27,114,728
prime_check,27,115,36
prime_check,27,116,20
prime_check,27,117,198
prime_check,27,118,103
prime_check,27,119,20
prime_check,27,120,21
prime_check,27,122,1
prime_check,27,123,171
prime_check,27,124,183
prime_check,27,126,788
prime_check,27,127,49
prime_check,28,0,188
prime_check,28,1,164
prime_check,28,2,714
prime_check,28,3,11
prime_check,28,4,1127
prime_check,28,5,47
prime_check,28,6,21
prime_check,28,7,487
prime_check,28,8,284
prime_check,28,9,336
prime_check,28,10,400
prime_check,28,11,18
prime_check,28,12,159
prime_check,28,13,68
prime_check,28,14,155
prime_check,28,15,168
prime_check,28,16,186
prime_check,28,17,490
prime_check,28,18,182
prime_check,28,19,8
prime_check,28,20,2
prime_check,28,21,265
prime_check,28,22,180
prime_check,28,23,206
prime_check,28,24,688
prime_check,28,25,671
prime_check,28,27,1
prime_check,28,28,183
prime_check,28,29,1447
prime_check,28,30,169
prime_check,28,31,233
prime_check,28,32,460
prime_check,28,33,285
prime_check,28,34,40
prime_check,28,35,264
prime_check,28,36,1780
prime_check,28,37,13
prime_check,28,38,100
prime_check,28,40,309
prime_check,28,42,461
prime_check,28,43,104
prime_check,28,44,492
prime_check,28,45,95
prime_check,28,46,18
prime_check,28,48,139
prime_check,28,49,967
prime_check,28,50,342
prime_check,28,51,207
prime_check,28,52,72
prime_check,28,53,155
prime_check,28,55,20
prime_check,28,56,32
prime_check,28,57,223
prime_check,28,58,163
prime_check,28,59,197
prime_check,28,60,119
prime_check,28,61,2213
prime_check,28,62,232
prime_check,28,63,57
prime_check,28,64,48
prime_check,28,65,34
prime_check,28,66,1
prime_check,28,67,5
prime_check,28,68,36
prime_check,28,69,201
prime_check,28,70,151
prime_check,28,71,144
prime_check,28,72,55
prime_check,28,74,36
prime_check,28,75,5
prime_check,28,76,1
prime_check,28,77,160
prime_check,28,78,95
prime_check,28,79,364
prime_check,28,82,166
prime_check,28,83,13
prime_check,28,84,634
prime_check,28,85,57
prime_check,28,86,42
prime_check,28,87,40
prime_check,28,88,294
prime_check,28,89,512
prime_check,28,90,915
prime_check,28,91,275
prime_check,28,92,469
prime_check,28,93,941
prime_check,28,94,44
prime_check,28,95,17
prime_check,28,96,638
prime_check,28,97,33
prime_check,28,98,1404
prime_check,28,99,607
prime_check,28,100,1609
prime_check,28,101,34
prime_check,28,102,2099
prime_check,28,103,157
prime_check,28,104,176
prime_check,28,105,18
prime_check,28,106,3
prime_check,28,107,148
prime_check,28,108,16
prime_check,28,109,119
prime_check,28,110,13
prime_check,28,111,162
prime_check,28,112,548
prime_check,28,113,74
prime_check,28,114,6
prime_check,28,115,904
prime_check,28,116,560
prime_check,28,117,1468
prime_check,28,118,1006
prime_check,28,119,7
prime_check,28,120,49
prime_check,28,121,441
prime_check,28,122,81
prime_check,28,123,531
prime_check,28,124,2465
prime_check,28,125,149
prime_check,28,126,20
prime_check,28,127,59
prime_check,29,0,220
prime_check,29,1,765
prime_check,29,3,408
prime_check,29,4,207
prime_check,29,5,794
prime_check,29,6,85
prime_check,29,7,479
prime_check,29,8,46
prime_check,29,9,2
prime_check,29,10,42
prime_check,29,11,21
prime_check,29,12,8
prime_check,29,13,18
prime_check,29,14,2838
prime_check,29,15,1
prime_check,29,16,1
prime_check,29,17,88
prime_check,29,18,188
prime_check,29,19,71
prime_check,29,20,390
prime_check,29,21,401
prime_check,29,22,5
prime_check,29,23,42
prime_check,29,24,164
prime_check,29,25,5
prime_check,29,26,87
prime_check,29,27,18
prime_check,29,28,83
prime_check,29,29,2728
prime_check,29,30,531
prime_check,29,31,4
prime_check,29,32,124
prime_check,29,33,330
prime_check,29,34,1385
prime_check,29,35,1817
prime_check,29,36,2167
prime_check,29,37,798
prime_check,29,38,94
prime_check,29,39,10
prime_check,29,40,171
prime_check,29,41,61
prime_check,29,42,265
prime_check,29,43,83
prime_check,29,44,80
prime_check,29,45,292
prime_check,29,46,3
prime_check,29,47,182
prime_check,29,48,49
prime_check,29,49,143
prime_check,29,50,8
prime_check,29,51,101
prime_check,29,52,343
prime_check,29,53,37
prime_check,29,54,272
prime_check,29,55,38
prime_check,29,56,237
prime_check,29,57,31
prime_check,29,58,326
prime_check,29,59,804
prime_check,29,60,34
prime_check,29,61,312
prime_check,29,62,1
prime_check,29,63,435
prime_check,29,65,7
prime_check,29,66,151
prime_check,29,67,84
prime_check,29,68,178
prime_check,29,69,171
prime_check,29,70,429
prime_check,29,71,5
prime_check,29,72,90
prime_check,29,73,96
prime_check,29,74,18
prime_check,29,75,776
prime_check,29,76,61
prime_check,29,77,11
prime_check,29,78,22
prime_check,29,79,34
prime_check,29,80,371
prime_check,29,81,48
prime_check,29,82,336
prime_check,29,83,81
prime_check,29,84,113
prime_check,29,85,265
prime_check,29,86,2497
prime_check,29,87,88
prime_check,29,88,21
prime_check,29,90,45
prime_check,29,91,1939
prime_check,29,92,70
prime_check,29,93,5
prime_check,29,94,200
prime_check,29,95,2392
prime_check,29,96,303
prime_check,29,97,130
prime_check,29,98,77
prime_check,29,99,950
prime_check,29,100,182
prime_check,29,101,177
prime_check,29,102,102
prime_check,29,103,5
prime_check,29,104,39
prime_check,29,105,166
prime_check,29,106,97
prime_check,29,107,324
prime_check,29,108,140
prime_check,29,109,257
prime_check,29,110,304
prime_check,29,111,115
prime_check,29,112,476
prime_check,29,113,143
prime_check,29,114,371
prime_check,29,115,9
prime_check,29,116,126
prime_check,29,117,98
prime_check,29,118,84
prime_check,29,119,180
prime_check,29,120,3
prime_check,29,121,325
prime_check,29,122,97
prime_check,29,124,225
prime_check,29,125,1917
prime_check,29,126,166
prime_check,29,127,211
